commission,niveau,groupe_competences
alpinisme,INI,1.1 Mon niveau de pratique en alpinisme 1
alpinisme,INI,1.2 Mon expérience en alpinisme 1
alpinisme,INI,2.1 Techniques de cordes en milieu montagne 1
alpinisme,INI,2.2 Progression sur glacier 1
alpinisme,INI,2.3 Progression en neige et glace 1
alpinisme,INI,2.4 Progression en rocher 1
alpinisme,INI,3.1 Mon matériel - mon équipement en alpinisme 1
alpinisme,INI,3.2 Les bons comportements en alpinisme
alpinisme,INI,3.3 Environnement de pratique - milieu montagne 1 (CO1)
alpinisme,INI,3.4 Environnement de pratique - milieu montagne enneigée 1 (NA1)
alpinisme,PER,1.1 Mon niveau de pratique en alpinisme 2
alpinisme,PER,1.2 Mon expérience en alpinisme 2
alpinisme,PER,2.1 Principes et techniques de base
alpinisme,PER,2.2 Progression sur glacier 2
alpinisme,PER,2.3 Progression en neige et glace 2
alpinisme,PER,2.4 Progression en rocher 2
alpinisme,SPE,3.1 Le matériel pour une pratique autonome en alpinisme et en grandes voies
alpinisme,SPE,3.1 Le matériel pour une pratique autonome en grandes voies et grandes voies équipées
alpinisme,SPE,3.2 Réussir sa sortie en groupe autonome en alpinisme et en cascade de glace
alpinisme,PER,3.3 Environnement de pratique - milieu montagne 2 (CO2*)
alpinisme,PER,3.4 Environnement de pratique - milieu montagne enneigée 2 (NA2)
alpinisme,PER,4.1 La formation à la FFCAM
alpinisme,SPE,1.1 Mon niveau de pratique en cascade de glace
alpinisme,SPE,1.2 Mon expérience en cascade de glace
alpinisme,SPE,2.2 Connaissances et gestuelle en glace
alpinisme,SPE,2.3 Techniques complémentaires en cascade de glace
alpinisme,SPE,3.1 Le matériel pour une pratique autonome en glace
alpinisme,SPE,1.1 Mon niveau de pratique en escalade sur glace - dry
alpinisme,SPE,1.2 Mon expérience en escalade sur glace - dry tooling
alpinisme,SPE,2.1 Principes et techniques de base en escalade sur glace - dry tooling
alpinisme,SPE,2.3 Gestuelle spécifique en escalade sur glace - dry tooling
alpinisme,SPE,1.1 Mon niveau de pratique en grandes voies équipées
alpinisme,SPE,1.2 Mon expérience en grandes voies équipées
alpinisme,SPE,1.3 Mon niveau de pratique en grandes voies peu ou partiellement équipées
alpinisme,SPE,1.4 Mon expérience en grandes voies peu ou partiellement équipées
alpinisme,SPE,2.2 Techniques de progression en grandes voies et grandes voies équipées
alpinisme,SPE,2.3 Techniques de progression en grandes voies (peu ou partiellement équipées)
alpinisme,SPE,3.2 Réussir sa sortie autonome en grandes voies et grandes voies équipées
ski-randonnee-nordique,INI,1.1 Mon niveau de pratique en ski de randonnée nordique 1
ski-randonnee-nordique,INI,1.2 Mon expérience en ski de randonnée nordique 1
ski-randonnee-nordique,INI,2.1 Progression ski de randonnée nordique en montée 1
ski-randonnee-nordique,INI,2.2 Progression ski de randonnée nordique en descente 1
ski-randonnee-nordique,INI,2.3 Progression en neige dure en raquettes et ski de randonnée nordique 1
ski-randonnee-nordique,INI,3.1 Mon matériel mon équipement en ski de randonnée nordique 1
ski-randonnee-nordique,INI,3.2 Les bons comportements en sports de neige
ski-randonnee-nordique,INI,3.2 Les bons comportements en sortie encadrée en sports de neige
ski-randonnee-nordique,INI,3.3 Environnement de pratique - milieu montagne 1 (CO1)
ski-randonnee-nordique,INI,3.4 Environnement de pratique - milieu montagne enneigée 1 (NA1)
ski-randonnee-nordique,PER,1.1 Mon niveau de pratique en ski de randonnée nordique 2
ski-randonnee-nordique,PER,1.2 Expériences- Listes de courses 2
ski-randonnee-nordique,PER,2.1 Progression ski de randonnée nordique en montée 2
ski-randonnee-nordique,PER,2.2 Progression ski de randonnée nordique en descente 2
ski-randonnee-nordique,PER,2.3 Techniques de sécurité en raquettes et ski de randonnée nordique
ski-randonnee-nordique,PER,3.1 Mon matériel en ski de randonnée nordique 2
ski-randonnee-nordique,PER,3.2 Réussir sa sortie en sports de neige - pratique autonome
ski-randonnee-nordique,PER,3.3 Environnement de pratique - milieu montagne 2 (CO2*)
raquette,INI,1.1 Mon niveau de pratique en raquettes à neige 1
raquette,INI,1.2 Mon expérience en raquettes à neige 1
raquette,INI,2.1 Progression et techniques de sécurité en raquettes à neige
raquette,INI,2.2 Progression en neige dure en raquettes et ski de randonnée nordique 1
raquette,INI,3.1 Mon matériel - mon équipement en raquettes à neige 1
raquette,INI,3.2 Les bons comportements en sports de neige
raquette,INI,3.2 Les bons comportements en sortie encadrée en sports de neige
raquette,INI,3.3 Environnement de pratique - milieu montagne 1 (CO1)
raquette,INI,3.4 Environnement de pratique - milieu montagne enneigée 1 (NA1)
raquette,SPE,1.1 Mon niveau de pratique en raquettes à neige
raquette,SPE,1.2 Mon expérience en raquettes à neige
raquette,SPE,2.1 Progression en raquettes à neige
raquette,SPE,2.2 Techniques de sécurité en raquettes et ski de randonnée nordique
raquette,SPE,3.1 Le matériel pour une pratique autonome en raquettes à neige
raquette,PER,3.2 Réussir sa sortie en sports de neige - pratique autonome
raquette,PER,3.3 Environnement de pratique - milieu montagne 2 (CO2*)
raquette,PER,3.4 Environnement de pratique - milieu montagne enneigée 2 (NA2)
ski-de-randonnee,INI,1.1 Mon niveau de pratique en ski alpinisme 1
ski-de-randonnee,INI,1.2 Mon expérience en ski alpinisme 1
ski-de-randonnee,INI,2.1 Techniques de cordes en milieu montagne 1
ski-de-randonnee,INI,2.2 Progression sur glacier 1
ski-de-randonnee,INI,2.3 Progression en ski alpinisme 1 : pente modérées à fortes et/ou sur glacier
ski-de-randonnee,INI,2.3 Progression en ski alpinisme 1 : pentes modérées à fortes et/ou sur glacier
ski-de-randonnee,INI,2.4 Progression à pied et sur arête de rocher enneigée 1
ski-de-randonnee,INI,3.1 Mon matériel mon équipement en ski alpinisme 1
ski-de-randonnee,INI,3.2 Les bons comportements en sports de neige
ski-de-randonnee,INI,3.2 Les bons comportements en sortie encadrée en sports de neige
ski-de-randonnee,INI,3.3 Environnement de pratique - milieu montagne 1 (CO1)
ski-de-randonnee,INI,3.4 Environnement de pratique - milieu montagne enneigée 1 (NA1)
ski-de-randonnee,SPE,1.1 Mon niveau de pratique en ski alpinisme 2
ski-de-randonnee,SPE,1.2 Mon expérience en ski alpinisme 2
ski-de-randonnee,SPE,2.1 Techniques de cordes en milieu montagne 2
ski-de-randonnee,PER,2.2 Progression sur glacier 2
ski-de-randonnee,SPE,2.3 Progression en ski alpinisme 2 : pentes modérées à fortes et/ou sur glacier
ski-de-randonnee,SPE,2.4 Progression à pieds et sur arête de rocher enneigée 2
ski-de-randonnee,SPE,3.1 Le matériel en ski alpinisme 2 : pratique autonome
ski-de-randonnee,PER,3.2 Réussir sa sortie en sports de neige - pratique autonome
ski-de-randonnee,PER,3.3 Environnement de pratique - milieu montagne 2 (CO2*)
ski-de-randonnee,PER,3.4 Environnement de pratique - milieu montagne enneigée 2 (NA2)
ski-de-randonnee,INI,1.1 Mon niveau de pratique en ski de randonnée 1
ski-de-randonnee,INI,1.2 Mon expérience en ski de randonnée 1
ski-de-randonnee,INI,2.1 Progression ski de randonnée en montée 1
ski-de-randonnee,INI,2.1 Progression à ski, en montée 1
ski-de-randonnee,INI,2.2 Progression ski de randonnée en descente 1
ski-de-randonnee,INI,2.2 Progression à ski, en descente 1
ski-de-randonnee,INI,2.3 Progression en neige dure à pieds 1
ski-de-randonnee,INI,3.1 Mon matériel - mon équipement en ski de randonnée 1
ski-de-randonnee,INI,3.3 Environnement de pratique - milieu montagne 1 (CO1)
ski-de-randonnee,INI,3.4 Environnement de pratique - milieu montagne enneigée 1 (NA1)
ski-de-randonnee,PER,1.1 Mon niveau de pratique en ski de randonnée 2
ski-de-randonnee,PER,1.2 Mon expérience en ski de randonnée 2
ski-de-randonnee,PER,2.1 Progression ski de randonnée en montée 2
ski-de-randonnee,PER,2.2 Progression ski de randonnée en descente 2
ski-de-randonnee,PER,2.3 Progression en neige dure à pieds 2
ski-de-randonnee,PER,3.1 Mon matériel en ski de randonnée 2 - pratique autonome
ski-de-randonnee,PER,3.3 Environnement de pratique - milieu montagne 2 (CO2*)
ski-de-randonnee,PER,3.4 Environnement de pratique - milieu montagne enneigée 2 (NA2)
snowboard-rando,INI,1.1 Mon niveau de pratique en snowboard de randonnée 1
snowboard-rando,INI,1.2 Mon expérience en snowboard de randonnée 1
snowboard-rando,INI,2.1 Progression snowboard de randonnée en montée 1
snowboard-rando,INI,2.2 Progression snowboard de randonnée en descente 1
snowboard-rando,INI,2.3 Progression en neige dure à pieds 1
snowboard-rando,INI,3.1 Mon matériel 1 - mon équipement en snowboard de randonnée
snowboard-rando,INI,3.2 Les bons comportements en sports de neige
snowboard-rando,INI,3.2 Les bons comportements en sortie encadrée en sports de neige
snowboard-rando,INI,3.3 Environnement de pratique - milieu montagne 1 (CO1)
snowboard-rando,INI,3.4 Environnement de pratique - milieu montagne enneigée 1 (NA1)
snowboard-rando,PER,1.1 Mon niveau de pratique en snowboard de randonnée 2
snowboard-rando,PER,1.2 Mon expérience en snowboard de randonnée 2
snowboard-rando,PER,2.1 Progression snowboard de randonnée en montée 2
snowboard-rando,PER,2.2 Progression snowboard de randonnée en descente 2
snowboard-rando,PER,2.3 Progression en neige dure à pieds 2
snowboard-rando,PER,3.1 Mon matériel en snowboard de randonnée 2 - pratique autonome
snowboard-rando,PER,3.2 Réussir sa sortie en sports de neige - pratique autonome
snowboard-rando,PER,3.3 Environnement de pratique - milieu montagne 2 (CO2*)
snowboard-rando,PER,3.4 Environnement de pratique - milieu montagne enneigée 2 (NA2)
randonnee,SPE,1.1 Mon niveau de pratique en randonnée alpine
randonnee,SPE,1.2 Mon expérience en randonnée alpine
randonnee,SPE,2.1 Progression en terrain enneigé
randonnee,SPE,2.2 Progression en terrain escarpé
randonnee,SPE,3.1 Le matériel en randonnée alpine - pratique autonome
randonnee,PER,3.2 Réussir sa sortie en randonnée montagne/trail : pratique autonome
randonnee,PER,3.3 Environnement de pratique - milieu montagne 2 (CO2*)
randonnee,INI,1.1 Mon niveau de pratique en randonnée montagne 1
randonnee,INI,1.2 Mon expérience en randonnée montagne 1
randonnee,INI,2.1 Progression et sécurité en randonnée montagne 1
randonnee,INI,3.1 Mon matériel - mon équipement en randonnée montagne 1
randonnee,INI,3.2 Les bons comportements en randonnée montagne
randonnee,INI,3.3 Environnement de pratique - milieu montagne 1 (CO1)
randonnee,PER,1.1 Mon niveau de pratique en randonnée montagne 2
randonnee,PER,1.2 Mon expérience en randonnée montagne 2
randonnee,PER,2.1 Progression et sécurité en randonnée montagne 2
randonnee,PER,3.1 Mon matériel en randonnée montagne 2 - pratique encadrée
randonnee,PER,3.1 Mon matériel en randonnée montagne 2 - pratique autonome
trail,INI,1.1 Niveau de pratique en trail
trail,INI,1.2 Expériences en trail
trail,INI,2.1 En montée
trail,INI,2.2 Sur le plat et en descente
trail,INI,"3.1 Mon matériel, mon équipement en trail"
trail,INI,3.2 Les bons comportements en trail de montagne
trail,INI,3.3 Environnement de pratique - milieu montagne 1 (CO1)
trail,PER,1.1 Niveau de pratique en trail
trail,PER,1.2 Expériences en trail
trail,PER,2.1 Progression et sécurité en trail
trail,PER,2.2 Sécurité
trail,PER,"3.1 Mon matériel, mon équipement en trail"
trail,PER,3.2 Réussir sa sortie en randonnée montagne/trail : pratique autonome
trail,PER,3.3 Environnement de pratique - milieu montagne 2 (CO2*)
canyon,INI,1.1 Mon niveau de pratique en canyonisme 1
canyon,INI,1.2 Mon expérience en canyonisme 1
canyon,INI,2.1 Progression aquatique 1
canyon,INI,2.2 Progression et franchissement d'obstacles verticaux 1
canyon,INI,3.1 Mon matériel - mon équipement en canyonisme 1
canyon,INI,3.2 Les bons comportements en canyonisme
canyon,INI,3.3 Environnement de pratique - milieu montagne 1 (CO1)
canyon,PER,1.1 Mon niveau de pratique en canyonisme 2
canyon,PER,1.2 Mon expérience en canyonisme 2
canyon,PER,2.1 Progression aquatique 2
canyon,PER,2.2 Progression verticale 2
canyon,PER,2.3 Techniques d'équipement
canyon,PER,2.4 Techniques de secours
canyon,PER,3.1 Mon matériel en canyonisme 2 - pratique autonome
canyon,PER,3.2 Réussir sa sortie en canyonisme - pratique autonome
canyon,PER,3.3 Environnement de pratique - milieu montagne 2 (CO2*)
canyon,SPE,1.1 Niveau de pratique
canyon,SPE,1.2 Mon expérience en canyonisme 2
canyon,SPE,2.1 Connaissance et analyse du milieu aquatique
canyon,SPE,2.2 Techniques de déplacement et franchissement en eaux vives
canyon,SPE,2.3 Progression et franchissement d'obstacles verticaux et aquatiques
canyon,SPE,"2.4 Techniques de sécurité, secours et communication en eaux vives"
canyon,SPE,3.1 Le matériel pour une pratique en groupe autonome en canyoning eau vive et grande verticale
canyon,SPE,3.2 Réussir sa sortie autonome en grandes verticales/eaux vives
canyon,SPE,1.1 Mon niveau de pratique
canyon,SPE,1.2 Expériences - Liste de sorties en canyonisme
canyon,SPE,2.1 Connaissance et analyse du milieu en progression et franchissement d'obstacles verticaux
canyon,SPE,2.2 Techniques de déplacement et franchissement d'obstacles verticaux
canyon,SPE,"2.3 Techniques de sécurité, secours et franchissement d'obstacles verticaux"
vtt,INI,1.1 Mon niveau de pratique en vélo de montagne
vtt,INI,1.2 1.2 Expériences et liste de courses
vtt,INI,2.1 Progression en montée
vtt,INI,2.2 Progression en descente
vtt,INI,"3.1 Mon matériel, mon équipement"
vtt,INI,3.2 Les bons comportements en vélo de montagne
vtt,INI,3.3 Environnement de pratique - milieu montagne 1 (CO1)
vtt,INI,4.1 Pratique des activité dans le club
vtt,PER,1.1 Mon niveau de pratique en vélo de montagne
vtt,PER,1.2 Expériences et listes de courses
vtt,PER,2.1 Progression en montée
vtt,PER,2.2 Progression en descente
vtt,PER,3.1 Le matériel pour une pratique en groupe autonome
vtt,PER,3.2 Réussir sa sortie en vélo de montagne
vtt,PER,3.3 Environnement de pratique - milieu montagne 2 (CO2*)
escalade,INI,1.1 Mon niveau de pratique en escalade SAE 1
escalade,INI,1.2 Mon expérience en escalade SAE 1
escalade,INI,2.1 Escalade en moulinette
escalade,INI,2.2 Escalade en tête
escalade,INI,2.3 Progresser en escalade
escalade,INI,2.4 Compétences spécifiques en escalade SAE
escalade,INI,3.1 Mon matériel - mon équipement en escalade 1
escalade,INI,3.2 Les bons comportements en escalade
escalade,INI,3.3 Environnement de pratique - milieu escalade 1
escalade,PER,1.1 Mon niveau de pratique en escalade SAE 2
escalade,PER,1.2 Mon expérience en escalade SAE 2
escalade,PER,2.1 Progresser en escalade
escalade,PER,2.2 Compléments techniques en escalade
escalade,PER,2.3 Compétences spécifiques en SAE
escalade,PER,3.1 Mon matériel 2
escalade,PER,3.2 Les bons comportements en escalade 2
escalade,PER,3.3 Environnement de pratique : milieu SAE 2
escalade,INI,1.1 Mon niveau de pratique en escalade SNE 1
escalade,INI,1.2 Mon expérience en escalade SNE 1
escalade,INI,2.4 Compétences spécifiques en escalade SNE 1
escalade,INI,3.3 Environnement de pratique : Milieu SNE
escalade,PER,1.1 Mon niveau de pratique en escalade sur SNE 2
escalade,PER,1.2 Mon expérience en escalade SNE 2
escalade,PER,2.3 Compétences spécifiques en escalade SNE 2
escalade,PER,3.3 Environnement de pratique : Milieu SNE 2
escalade,SPE,1.1 Mon niveau de pratique en grandes voies équipées
escalade,SPE,1.2 Mon expérience en grandes voies équipées
escalade,PER,2.1 Principes et techniques de base
escalade,SPE,2.2 Techniques de progression en grandes voies et grandes voies équipées
escalade,SPE,3.1 Le matériel pour une pratique autonome en alpinisme et en grandes voies
escalade,SPE,3.1 Le matériel pour une pratique autonome en grandes voies et grandes voies équipées
escalade,SPE,3.2 Réussir sa sortie autonome en grandes voies et grandes voies équipées
escalade,INI,3.3 Environnement de pratique - milieu montagne 1 (CO1)
